{"cameraMode":{"drawMode":0,"name":"Shaded","section":"Shading Mode"},"sceneLighting":false,"audioPlay":false,"sceneViewState":{"showFog":true,"showMaterialUpdate":true,"showSkybox":false,"showFlares":true,"showImageEffects":true,"showParticleSystems":true},"in2DMode":false,"pivot":{"x":-4.928924560546875,"y":0.35898056626319888,"z":3.2628300189971926},"rotation":{"x":0.006560286041349173,"y":0.9906258583068848,"z":-0.03760416433215141,"w":-0.1384151428937912},"size":11.251148223876954,"orthographic":false}