{"cameraMode":{"drawMode":0,"name":"Shaded","section":"Shading Mode"},"sceneLighting":false,"audioPlay":false,"sceneViewState":{"showFog":true,"showMaterialUpdate":true,"showSkybox":false,"showFlares":true,"showImageEffects":true,"showParticleSystems":true},"in2DMode":false,"pivot":{"x":-4.335221290588379,"y":1.1343224048614503,"z":5.50401496887207},"rotation":{"x":0.010345385409891606,"y":0.9984957575798035,"z":-0.06654524803161621,"w":-0.02064804546535015},"size":1.7660253047943116,"orthographic":false}