{"cameraMode":{"drawMode":0,"name":"Shaded","section":"Shading Mode"},"sceneLighting":false,"audioPlay":false,"sceneViewState":{"showFog":true,"showMaterialUpdate":true,"showSkybox":false,"showFlares":true,"showImageEffects":true,"showParticleSystems":true},"in2DMode":false,"pivot":{"x":-9.077926635742188,"y":0.5822454690933228,"z":-22.623409271240236},"rotation":{"x":-0.0017399006756022573,"y":0.9947078824043274,"z":-0.10318231582641602,"w":-0.031412988901138309},"size":17.291399002075197,"orthographic":false}