{"cameraMode":{"drawMode":0,"name":"Shaded","section":"Shading Mode"},"sceneLighting":false,"audioPlay":false,"sceneViewState":{"showFog":true,"showMaterialUpdate":true,"showSkybox":false,"showFlares":true,"showImageEffects":true,"showParticleSystems":true},"in2DMode":false,"pivot":{"x":-42.03831481933594,"y":4.620725631713867,"z":-28.56252670288086},"rotation":{"x":0.000043055628339061514,"y":0.9987698793411255,"z":-0.0523410327732563,"w":-0.028470953926444055},"size":43.56618118286133,"orthographic":false}