{"cameraMode":{"drawMode":0,"name":"Shaded","section":"Shading Mode"},"sceneLighting":false,"audioPlay":false,"sceneViewState":{"showFog":true,"showMaterialUpdate":true,"showSkybox":false,"showFlares":true,"showImageEffects":true,"showParticleSystems":true},"in2DMode":false,"pivot":{"x":-16.630577087402345,"y":11.350000381469727,"z":1.973945140838623},"rotation":{"x":-0.002273400081321597,"y":0.9741867780685425,"z":-0.016230374574661256,"w":-0.22752392292022706},"size":23.316259384155275,"orthographic":false}