{"cameraMode":{"drawMode":0,"name":"Shaded","section":"Shading Mode"},"sceneLighting":false,"audioPlay":false,"sceneViewState":{"showFog":true,"showMaterialUpdate":true,"showSkybox":false,"showFlares":true,"showImageEffects":true,"showParticleSystems":true},"in2DMode":false,"pivot":{"x":-3.5510854721069338,"y":-1.5163114070892335,"z":-13.194113731384278},"rotation":{"x":0.005863879807293415,"y":0.9938947558403015,"z":-0.05675067752599716,"w":-0.10429731011390686},"size":8.187865257263184,"orthographic":false}