{"cameraMode":{"drawMode":0,"name":"Shaded","section":"Shading Mode"},"sceneLighting":false,"audioPlay":false,"sceneViewState":{"showFog":true,"showMaterialUpdate":true,"showSkybox":false,"showFlares":true,"showImageEffects":true,"showParticleSystems":true},"in2DMode":false,"pivot":{"x":-10.57658863067627,"y":5.9561333656311039,"z":46.986263275146487},"rotation":{"x":-0.02600584179162979,"y":0.9511895179748535,"z":0.08627297729253769,"w":0.29671794176101687},"size":4.44917106628418,"orthographic":false}