{"cameraMode":{"drawMode":0,"name":"Shaded","section":"Shading Mode"},"sceneLighting":false,"audioPlay":false,"sceneViewState":{"showFog":true,"showMaterialUpdate":true,"showSkybox":false,"showFlares":true,"showImageEffects":true,"showParticleSystems":true},"in2DMode":false,"pivot":{"x":-15.481832504272461,"y":-0.30794191360473635,"z":0.6841177344322205},"rotation":{"x":0.01039381604641676,"y":0.9994219541549683,"z":-0.047142431139945987,"w":-0.02793971821665764},"size":10.390604019165039,"orthographic":false}