{"cameraMode":{"drawMode":0,"name":"Shaded","section":"Shading Mode"},"sceneLighting":false,"audioPlay":false,"sceneViewState":{"showFog":true,"showMaterialUpdate":true,"showSkybox":false,"showFlares":true,"showImageEffects":true,"showParticleSystems":true},"in2DMode":false,"pivot":{"x":-24.648149490356447,"y":8.117831230163575,"z":-10.529930114746094},"rotation":{"x":-0.002273400081321597,"y":0.9741867780685425,"z":-0.016230374574661256,"w":-0.22752392292022706},"size":18.521480560302736,"orthographic":false}