{"cameraMode":{"drawMode":0,"name":"Shaded","section":"Shading Mode"},"sceneLighting":false,"audioPlay":false,"sceneViewState":{"showFog":true,"showMaterialUpdate":true,"showSkybox":false,"showFlares":true,"showImageEffects":true,"showParticleSystems":true},"in2DMode":false,"pivot":{"x":-4.471510410308838,"y":1.707136631011963,"z":10.824173927307129},"rotation":{"x":0.01039381604641676,"y":0.9994219541549683,"z":-0.047142431139945987,"w":-0.02793971821665764},"size":3.7417304515838625,"orthographic":false}