{"cameraMode":{"drawMode":0,"name":"Shaded","section":"Shading Mode"},"sceneLighting":false,"audioPlay":false,"sceneViewState":{"showFog":true,"showMaterialUpdate":true,"showSkybox":false,"showFlares":true,"showImageEffects":true,"showParticleSystems":true},"in2DMode":false,"pivot":{"x":-0.8855639696121216,"y":-0.47712814807891848,"z":-1.5476510524749756},"rotation":{"x":-0.0009976765140891076,"y":0.9960951805114746,"z":-0.09122906625270844,"w":-0.019700782373547555},"size":4.44917106628418,"orthographic":false}