{"cameraMode":{"drawMode":0,"name":"Shaded","section":"Shading Mode"},"sceneLighting":true,"audioPlay":false,"sceneViewState":{"showFog":true,"showMaterialUpdate":true,"showSkybox":true,"showFlares":true,"showImageEffects":true,"showParticleSystems":true},"in2DMode":false,"pivot":{"x":-21.236356735229493,"y":4.412655830383301,"z":-3.608560562133789},"rotation":{"x":-0.007019056007266045,"y":-0.9871411323547363,"z":0.06157704070210457,"w":0.15612205862998963},"size":11.799799919128418,"orthographic":false}