{"cameraMode":{"drawMode":0,"name":"Shaded","section":"Shading Mode"},"sceneLighting":false,"audioPlay":false,"sceneViewState":{"showFog":true,"showMaterialUpdate":true,"showSkybox":false,"showFlares":true,"showImageEffects":true,"showParticleSystems":true},"in2DMode":false,"pivot":{"x":-19.785991668701173,"y":16.331920623779298,"z":1.4976507425308228},"rotation":{"x":-0.007121653761714697,"y":0.9915812611579895,"z":-0.1074368953704834,"w":-0.07906870543956757},"size":10.0,"orthographic":false}