{"cameraMode":{"drawMode":0,"name":"Shaded","section":"Shading Mode"},"sceneLighting":false,"audioPlay":false,"sceneViewState":{"showFog":true,"showMaterialUpdate":true,"showSkybox":false,"showFlares":true,"showImageEffects":true,"showParticleSystems":true},"in2DMode":false,"pivot":{"x":-528.5969848632813,"y":-194.6085968017578,"z":1.961031436920166},"rotation":{"x":-0.08809136599302292,"y":0.8846725225448608,"z":-0.23631562292575837,"w":-0.3951641023159027},"size":0.6264640092849731,"orthographic":false}