{"cameraMode":{"drawMode":0,"name":"Shaded","section":"Shading Mode"},"sceneLighting":false,"audioPlay":false,"sceneViewState":{"showFog":true,"showMaterialUpdate":false,"showSkybox":false,"showFlares":true,"showImageEffects":true,"showParticleSystems":true},"in2DMode":false,"pivot":{"x":-81.19984436035156,"y":-2.5431811809539797,"z":-9.251627922058106},"rotation":{"x":0.0026794690638780596,"y":-0.9962154626846314,"z":0.09018700569868088,"w":0.01844027265906334},"size":9.194369316101075,"orthographic":false}