{"cameraMode":{"drawMode":0,"name":"Shaded","section":"Shading Mode"},"sceneLighting":false,"audioPlay":false,"sceneViewState":{"showFog":true,"showMaterialUpdate":true,"showSkybox":false,"showFlares":true,"showImageEffects":true,"showParticleSystems":true},"in2DMode":false,"pivot":{"x":-19.19744110107422,"y":4.315700531005859,"z":-15.715700149536133},"rotation":{"x":0.0006584756192751229,"y":0.9956293106079102,"z":-0.0987161323428154,"w":-0.008512979373335839},"size":23.316259384155275,"orthographic":false}