{"cameraMode":{"drawMode":0,"name":"Shaded","section":"Shading Mode"},"sceneLighting":false,"audioPlay":false,"sceneViewState":{"showFog":true,"showMaterialUpdate":true,"showSkybox":false,"showFlares":true,"showImageEffects":true,"showParticleSystems":true},"in2DMode":false,"pivot":{"x":-15.354284286499024,"y":-1.7557775974273682,"z":-11.567622184753418},"rotation":{"x":-0.023257287219166757,"y":0.9712443947792053,"z":-0.11427707970142365,"w":-0.21014539897441865},"size":19.39422035217285,"orthographic":false}