{"cameraMode":{"drawMode":0,"name":"Shaded","section":"Shading Mode"},"sceneLighting":false,"audioPlay":false,"sceneViewState":{"showFog":true,"showMaterialUpdate":true,"showSkybox":false,"showFlares":true,"showImageEffects":true,"showParticleSystems":true},"in2DMode":false,"pivot":{"x":-20.77587890625,"y":3.471172571182251,"z":-26.69943618774414},"rotation":{"x":-0.0018397034145891667,"y":0.99721360206604,"z":-0.0583021305501461,"w":-0.05690475180745125},"size":29.795143127441408,"orthographic":false}