{"cameraMode":{"drawMode":0,"name":"Shaded","section":"Shading Mode"},"sceneLighting":false,"audioPlay":false,"sceneViewState":{"showFog":true,"showMaterialUpdate":true,"showSkybox":false,"showFlares":true,"showImageEffects":true,"showParticleSystems":true},"in2DMode":false,"pivot":{"x":-14.9130277633667,"y":9.119233131408692,"z":-22.651264190673829},"rotation":{"x":0.002215665765106678,"y":0.9988749027252197,"z":-0.05679401382803917,"w":0.010484112426638604},"size":23.316259384155275,"orthographic":false}