{"cameraMode":{"drawMode":0,"name":"Shaded","section":"Shading Mode"},"sceneLighting":false,"audioPlay":false,"sceneViewState":{"showFog":true,"showMaterialUpdate":true,"showSkybox":false,"showFlares":true,"showImageEffects":true,"showParticleSystems":true},"in2DMode":false,"pivot":{"x":-10.10440731048584,"y":17.273696899414064,"z":-66.03350830078125},"rotation":{"x":0.0015245910035446287,"y":1.0003377199172974,"z":0.019702501595020295,"w":0.004613333381712437},"size":54.844444274902347,"orthographic":false}