{"cameraMode":{"drawMode":0,"name":"Shaded","section":"Shading Mode"},"sceneLighting":false,"audioPlay":false,"sceneViewState":{"showFog":true,"showMaterialUpdate":true,"showSkybox":false,"showFlares":true,"showImageEffects":true,"showParticleSystems":true},"in2DMode":false,"pivot":{"x":-11.411718368530274,"y":15.69697093963623,"z":-13.287932395935059},"rotation":{"x":-0.020266901701688768,"y":0.979533851146698,"z":0.1517280787229538,"w":0.13084861636161805},"size":19.692399978637697,"orthographic":false}