{"cameraMode":{"drawMode":0,"name":"Shaded","section":"Shading Mode"},"sceneLighting":false,"audioPlay":false,"sceneViewState":{"showFog":true,"showMaterialUpdate":true,"showSkybox":false,"showFlares":true,"showImageEffects":true,"showParticleSystems":true},"in2DMode":false,"pivot":{"x":-48.21752166748047,"y":3.748749017715454,"z":8.121283531188965},"rotation":{"x":-0.00915242824703455,"y":0.9892334342002869,"z":-0.08628062903881073,"w":-0.12233866751194},"size":29.795143127441408,"orthographic":false}