{"cameraMode":{"drawMode":0,"name":"Shaded","section":"Shading Mode"},"sceneLighting":false,"audioPlay":false,"sceneViewState":{"showFog":true,"showMaterialUpdate":true,"showSkybox":false,"showFlares":true,"showImageEffects":true,"showParticleSystems":true},"in2DMode":false,"pivot":{"x":-21.408939361572267,"y":-17.132083892822267,"z":-42.25157165527344},"rotation":{"x":-0.033861659467220309,"y":0.9636146426200867,"z":-0.21453818678855897,"w":-0.15922188758850099},"size":29.795143127441408,"orthographic":false}