{"cameraMode":{"drawMode":0,"name":"Shaded","section":"Shading Mode"},"sceneLighting":false,"audioPlay":false,"sceneViewState":{"showFog":true,"showMaterialUpdate":true,"showSkybox":false,"showFlares":true,"showImageEffects":true,"showParticleSystems":true},"in2DMode":false,"pivot":{"x":-19.37897300720215,"y":3.1888368129730226,"z":-19.074665069580079},"rotation":{"x":-0.004216649103909731,"y":0.9905800819396973,"z":-0.13441962003707887,"w":-0.04173750802874565},"size":22.176937103271486,"orthographic":false}