{"cameraMode":{"drawMode":0,"name":"Shaded","section":"Shading Mode"},"sceneLighting":false,"audioPlay":false,"sceneViewState":{"showFog":true,"showMaterialUpdate":true,"showSkybox":false,"showFlares":true,"showImageEffects":true,"showParticleSystems":true},"in2DMode":false,"pivot":{"x":-18.55523681640625,"y":1.263181209564209,"z":-22.675907135009767},"rotation":{"x":-0.0023326189257204534,"y":0.9967110753059387,"z":-0.06427962332963944,"w":-0.059372466057538989},"size":23.316259384155275,"orthographic":false}