{"cameraMode":{"drawMode":0,"name":"Shaded","section":"Shading Mode"},"sceneLighting":false,"audioPlay":false,"sceneViewState":{"showFog":true,"showMaterialUpdate":true,"showSkybox":false,"showFlares":true,"showImageEffects":true,"showParticleSystems":true},"in2DMode":false,"pivot":{"x":-48.404266357421878,"y":9.48684024810791,"z":2.030817985534668},"rotation":{"x":0.0007643603021278977,"y":0.9983844757080078,"z":-0.0643206313252449,"w":-0.013496396131813527},"size":23.316259384155275,"orthographic":false}