{"cameraMode":{"drawMode":0,"name":"Shaded","section":"Shading Mode"},"sceneLighting":false,"audioPlay":false,"sceneViewState":{"showFog":true,"showMaterialUpdate":true,"showSkybox":false,"showFlares":true,"showImageEffects":true,"showParticleSystems":true},"in2DMode":false,"pivot":{"x":-22.799579620361329,"y":-0.17206700146198274,"z":-19.229970932006837},"rotation":{"x":0.004545771516859531,"y":0.9960047602653503,"z":-0.08964285999536514,"w":0.03182867914438248},"size":23.316259384155275,"orthographic":false}