{"cameraMode":{"drawMode":0,"name":"Shaded","section":"Shading Mode"},"sceneLighting":false,"audioPlay":false,"sceneViewState":{"showFog":true,"showMaterialUpdate":true,"showSkybox":false,"showFlares":true,"showImageEffects":true,"showParticleSystems":true},"in2DMode":false,"pivot":{"x":-138.37506103515626,"y":-34.92815399169922,"z":-50.25285720825195},"rotation":{"x":0.008048180490732193,"y":-0.9649602174758911,"z":0.256671279668808,"w":0.06803657114505768},"size":81.65888214111328,"orthographic":false}