{"cameraMode":{"drawMode":0,"name":"Shaded","section":"Shading Mode"},"sceneLighting":false,"audioPlay":false,"sceneViewState":{"showFog":true,"showMaterialUpdate":true,"showSkybox":false,"showFlares":true,"showImageEffects":true,"showParticleSystems":true},"in2DMode":false,"pivot":{"x":-5.633691310882568,"y":0.3512055277824402,"z":-4.492771148681641},"rotation":{"x":0.010317186824977398,"y":0.9993079900741577,"z":-0.04865812510251999,"w":-0.02945537120103836},"size":13.716702461242676,"orthographic":false}