{"cameraMode":{"drawMode":0,"name":"Shaded","section":"Shading Mode"},"sceneLighting":false,"audioPlay":false,"sceneViewState":{"showFog":true,"showMaterialUpdate":true,"showSkybox":false,"showFlares":true,"showImageEffects":true,"showParticleSystems":true},"in2DMode":false,"pivot":{"x":-24.96500015258789,"y":11.350000381469727,"z":1.8862485885620118},"rotation":{"x":-0.001134529011324048,"y":0.9978764653205872,"z":-0.052328746765851977,"w":-0.050934161990880969},"size":29.795143127441408,"orthographic":false}