{"cameraMode":{"drawMode":0,"name":"Shaded","section":"Shading Mode"},"sceneLighting":false,"audioPlay":false,"sceneViewState":{"showFog":true,"showMaterialUpdate":true,"showSkybox":false,"showFlares":true,"showImageEffects":true,"showParticleSystems":true},"in2DMode":false,"pivot":{"x":-24.687532424926759,"y":0.2837630808353424,"z":-14.364954948425293},"rotation":{"x":-0.0034847010392695667,"y":0.9945363402366638,"z":-0.09318273514509201,"w":-0.0573391430079937},"size":26.60772705078125,"orthographic":false}