{"cameraMode":{"drawMode":0,"name":"Shaded","section":"Shading Mode"},"sceneLighting":true,"audioPlay":false,"sceneViewState":{"showFog":true,"showMaterialUpdate":true,"showSkybox":false,"showFlares":true,"showImageEffects":true,"showParticleSystems":true},"in2DMode":false,"pivot":{"x":11.665104866027832,"y":11.043303489685059,"z":9.560689926147461},"rotation":{"x":-0.027749568223953248,"y":-0.9513145685195923,"z":0.30152618885040285,"w":-0.07131994515657425},"size":4.077261447906494,"orthographic":false}