{"cameraMode":{"drawMode":0,"name":"Shaded","section":"Shading Mode"},"sceneLighting":false,"audioPlay":false,"sceneViewState":{"showFog":true,"showMaterialUpdate":true,"showSkybox":false,"showFlares":true,"showImageEffects":true,"showParticleSystems":true},"in2DMode":false,"pivot":{"x":-40.2001953125,"y":-2.678706407546997,"z":-32.37294006347656},"rotation":{"x":-0.022766241803765298,"y":0.9750154614448547,"z":-0.13154028356075288,"w":-0.1805712878704071},"size":29.795143127441408,"orthographic":false}