{"cameraMode":{"drawMode":0,"name":"Shaded","section":"Shading Mode"},"sceneLighting":false,"audioPlay":false,"sceneViewState":{"showFog":true,"showMaterialUpdate":true,"showSkybox":false,"showFlares":true,"showImageEffects":true,"showParticleSystems":true},"in2DMode":false,"pivot":{"x":3.969672918319702,"y":1.0230094194412232,"z":-4.562101364135742},"rotation":{"x":-0.058754246681928638,"y":-0.9194104075431824,"z":0.10022594034671784,"w":-0.37927940487861636},"size":4.133432388305664,"orthographic":false}