{"cameraMode":{"drawMode":0,"name":"Shaded","section":"Shading Mode"},"sceneLighting":false,"audioPlay":false,"sceneViewState":{"showFog":true,"showMaterialUpdate":true,"showSkybox":false,"showFlares":true,"showImageEffects":true,"showParticleSystems":true},"in2DMode":false,"pivot":{"x":-15.857454299926758,"y":9.721312522888184,"z":-8.811958312988282},"rotation":{"x":-0.004094271454960108,"y":0.9929366111755371,"z":-0.05068032443523407,"w":-0.1121739000082016},"size":17.291399002075197,"orthographic":false}