{"cameraMode":{"drawMode":0,"name":"Shaded","section":"Shading Mode"},"sceneLighting":false,"audioPlay":false,"sceneViewState":{"showFog":true,"showMaterialUpdate":true,"showSkybox":false,"showFlares":true,"showImageEffects":true,"showParticleSystems":true},"in2DMode":false,"pivot":{"x":-24.96500015258789,"y":11.350000381469727,"z":1.8862485885620118},"rotation":{"x":0.0015245910035446287,"y":1.0003377199172974,"z":0.019702501595020295,"w":0.004613333381712437},"size":14.262622833251954,"orthographic":false}