{"cameraMode":{"drawMode":0,"name":"Shaded","section":"Shading Mode"},"sceneLighting":false,"audioPlay":false,"sceneViewState":{"showFog":true,"showMaterialUpdate":true,"showSkybox":false,"showFlares":true,"showImageEffects":true,"showParticleSystems":true},"in2DMode":false,"pivot":{"x":-8.785292625427246,"y":0.04176030308008194,"z":0.1996895968914032},"rotation":{"x":0.010345385409891606,"y":0.9984957575798035,"z":-0.06654524803161621,"w":-0.02064804546535015},"size":5.845268249511719,"orthographic":false}