{"cameraMode":{"drawMode":0,"name":"Shaded","section":"Shading Mode"},"sceneLighting":false,"audioPlay":false,"sceneViewState":{"showFog":true,"showMaterialUpdate":true,"showSkybox":false,"showFlares":true,"showImageEffects":true,"showParticleSystems":true},"in2DMode":false,"pivot":{"x":-24.476993560791017,"y":-4.057197093963623,"z":-40.513179779052737},"rotation":{"x":0.016746362671256067,"y":-0.95377117395401,"z":0.09754642844200134,"w":0.28709372878074648},"size":29.201387405395509,"orthographic":false}