{"cameraMode":{"drawMode":0,"name":"Shaded","section":"Shading Mode"},"sceneLighting":false,"audioPlay":false,"sceneViewState":{"showFog":true,"showMaterialUpdate":true,"showSkybox":false,"showFlares":true,"showImageEffects":true,"showParticleSystems":true},"in2DMode":false,"pivot":{"x":-21.70496368408203,"y":6.7982282638549809,"z":-37.65598678588867},"rotation":{"x":-0.002862983848899603,"y":0.9958586096763611,"z":-0.055263012647628787,"w":-0.07934089750051499},"size":32.274288177490237,"orthographic":false}