{"cameraMode":{"drawMode":0,"name":"Shaded","section":"Shading Mode"},"sceneLighting":false,"audioPlay":false,"sceneViewState":{"showFog":true,"showMaterialUpdate":true,"showSkybox":false,"showFlares":true,"showImageEffects":true,"showParticleSystems":true},"in2DMode":false,"pivot":{"x":-12.64297866821289,"y":4.339850902557373,"z":1.4694103002548218},"rotation":{"x":0.0007124484400264919,"y":0.9980109333992004,"z":-0.07030520588159561,"w":-0.010497554205358029},"size":16.131908416748048,"orthographic":false}