{"cameraMode":{"drawMode":0,"name":"Shaded","section":"Shading Mode"},"sceneLighting":false,"audioPlay":false,"sceneViewState":{"showFog":true,"showMaterialUpdate":true,"showSkybox":false,"showFlares":true,"showImageEffects":true,"showParticleSystems":true},"in2DMode":false,"pivot":{"x":-17.98921012878418,"y":8.375362396240235,"z":-1.366037130355835},"rotation":{"x":-0.004962243605405092,"y":0.9913164377212524,"z":-0.05210698023438454,"w":-0.12506499886512757},"size":19.732357025146486,"orthographic":false}