{"cameraMode":{"drawMode":0,"name":"Shaded","section":"Shading Mode"},"sceneLighting":false,"audioPlay":false,"sceneViewState":{"showFog":true,"showMaterialUpdate":true,"showSkybox":false,"showFlares":true,"showImageEffects":true,"showParticleSystems":true},"in2DMode":false,"pivot":{"x":-18.613204956054689,"y":4.788588047027588,"z":0.10161495208740235},"rotation":{"x":0.011113260872662068,"y":1.0003403425216675,"z":-0.026078946888446809,"w":-0.02171386405825615},"size":13.044525146484375,"orthographic":false}