{"cameraMode":{"drawMode":0,"name":"Shaded","section":"Shading Mode"},"sceneLighting":false,"audioPlay":false,"sceneViewState":{"showFog":true,"showMaterialUpdate":true,"showSkybox":false,"showFlares":true,"showImageEffects":true,"showParticleSystems":true},"in2DMode":false,"pivot":{"x":-21.1984806060791,"y":-0.1985430270433426,"z":-7.6047139167785648},"rotation":{"x":-0.007376497145742178,"y":0.9916467070579529,"z":-0.09394872188568115,"w":-0.09405232220888138},"size":29.795143127441408,"orthographic":false}