{"cameraMode":{"drawMode":0,"name":"Shaded","section":"Shading Mode"},"sceneLighting":false,"audioPlay":false,"sceneViewState":{"showFog":true,"showMaterialUpdate":true,"showSkybox":false,"showFlares":true,"showImageEffects":true,"showParticleSystems":true},"in2DMode":false,"pivot":{"x":0.9552396535873413,"y":1.7071548700332642,"z":0.6844309568405151},"rotation":{"x":-0.012585269287228585,"y":-0.9950971007347107,"z":0.05965033918619156,"w":0.09274310618638993},"size":3.2814600467681886,"orthographic":false}