{"cameraMode":{"drawMode":0,"name":"Shaded","section":"Shading Mode"},"sceneLighting":false,"audioPlay":false,"sceneViewState":{"showFog":true,"showMaterialUpdate":true,"showSkybox":false,"showFlares":true,"showImageEffects":true,"showParticleSystems":true},"in2DMode":false,"pivot":{"x":-1.5312553644180298,"y":0.5372573733329773,"z":-1.0312694311141968},"rotation":{"x":0.003031754167750478,"y":0.9861013293266296,"z":-0.15398401021957398,"w":-0.07958853244781494},"size":2.154921054840088,"orthographic":false}