{"cameraMode":{"drawMode":0,"name":"Shaded","section":"Shading Mode"},"sceneLighting":false,"audioPlay":false,"sceneViewState":{"showFog":true,"showMaterialUpdate":true,"showSkybox":false,"showFlares":true,"showImageEffects":true,"showParticleSystems":true},"in2DMode":false,"pivot":{"x":-10.384368896484375,"y":1.8851155042648316,"z":-3.6634843349456789},"rotation":{"x":0.010471414774656296,"y":-0.9434991478919983,"z":0.06446246802806854,"w":0.32802721858024599},"size":2.4013285636901857,"orthographic":false}