{"cameraMode":{"drawMode":0,"name":"Shaded","section":"Shading Mode"},"sceneLighting":false,"audioPlay":false,"sceneViewState":{"showFog":true,"showMaterialUpdate":true,"showSkybox":false,"showFlares":true,"showImageEffects":true,"showParticleSystems":true},"in2DMode":false,"pivot":{"x":-22.999996185302736,"y":8.345993995666504,"z":-24.97941017150879},"rotation":{"x":-0.005005576182156801,"y":0.9060899019241333,"z":-0.017337122932076455,"w":-0.4241845905780792},"size":16.89597511291504,"orthographic":false}