{"cameraMode":{"drawMode":0,"name":"Shaded","section":"Shading Mode"},"sceneLighting":false,"audioPlay":false,"sceneViewState":{"showFog":true,"showMaterialUpdate":true,"showSkybox":false,"showFlares":true,"showImageEffects":true,"showParticleSystems":true},"in2DMode":false,"pivot":{"x":-21.702762603759767,"y":11.614398956298829,"z":-33.13833999633789},"rotation":{"x":-0.00014815517351962626,"y":0.9990547895431519,"z":-0.046836405992507938,"w":-0.027952320873737336},"size":24.36549186706543,"orthographic":false}