{"cameraMode":{"drawMode":0,"name":"Shaded","section":"Shading Mode"},"sceneLighting":false,"audioPlay":false,"sceneViewState":{"showFog":true,"showMaterialUpdate":true,"showSkybox":false,"showFlares":true,"showImageEffects":true,"showParticleSystems":true},"in2DMode":false,"pivot":{"x":-46.930442810058597,"y":-7.745397090911865,"z":0.28876426815986636},"rotation":{"x":-0.047137871384620669,"y":0.8634689450263977,"z":-0.08445895463228226,"w":-0.4961329996585846},"size":38.57238006591797,"orthographic":false}