{"cameraMode":{"drawMode":0,"name":"Shaded","section":"Shading Mode"},"sceneLighting":false,"audioPlay":false,"sceneViewState":{"showFog":true,"showMaterialUpdate":true,"showSkybox":false,"showFlares":true,"showImageEffects":true,"showParticleSystems":true},"in2DMode":false,"pivot":{"x":-24.319318771362306,"y":3.1832096576690676,"z":-43.65193176269531},"rotation":{"x":-0.004703835118561983,"y":0.9940233826637268,"z":-0.09162715822458267,"w":-0.06775582581758499},"size":28.167423248291017,"orthographic":false}