{"cameraMode":{"drawMode":0,"name":"Shaded","section":"Shading Mode"},"sceneLighting":false,"audioPlay":false,"sceneViewState":{"showFog":true,"showMaterialUpdate":true,"showSkybox":false,"showFlares":true,"showImageEffects":true,"showParticleSystems":true},"in2DMode":false,"pivot":{"x":-0.12212365120649338,"y":0.35680797696113589,"z":0.21612654626369477},"rotation":{"x":-0.07304014265537262,"y":0.8898053169250488,"z":-0.15467259287834168,"w":-0.4241492748260498},"size":2.9180338382720949,"orthographic":false}