{"cameraMode":{"drawMode":0,"name":"Shaded","section":"Shading Mode"},"sceneLighting":false,"audioPlay":false,"sceneViewState":{"showFog":true,"showMaterialUpdate":true,"showSkybox":false,"showFlares":true,"showImageEffects":true,"showParticleSystems":true},"in2DMode":false,"pivot":{"x":-17.21503257751465,"y":1.4029394388198853,"z":-33.07291030883789},"rotation":{"x":0.00016136096382979304,"y":0.9952592849731445,"z":-0.10219765454530716,"w":-0.009991477243602276},"size":26.60772705078125,"orthographic":false}