{"cameraMode":{"drawMode":0,"name":"Shaded","section":"Shading Mode"},"sceneLighting":false,"audioPlay":false,"sceneViewState":{"showFog":true,"showMaterialUpdate":true,"showSkybox":false,"showFlares":true,"showImageEffects":true,"showParticleSystems":true},"in2DMode":false,"pivot":{"x":-18.12096405029297,"y":6.124757289886475,"z":-23.308229446411134},"rotation":{"x":0.0004032852011732757,"y":0.9981759786605835,"z":-0.0678078830242157,"w":-0.011477273888885975},"size":21.158723831176759,"orthographic":false}