{"cameraMode":{"drawMode":0,"name":"Shaded","section":"Shading Mode"},"sceneLighting":false,"audioPlay":false,"sceneViewState":{"showFog":true,"showMaterialUpdate":true,"showSkybox":false,"showFlares":true,"showImageEffects":true,"showParticleSystems":true},"in2DMode":false,"pivot":{"x":-0.6137229204177856,"y":1.3276622295379639,"z":1.2585065364837647},"rotation":{"x":-0.007217359729111195,"y":0.9816251397132874,"z":-0.16287797689437867,"w":-0.11087091267108917},"size":1.1352250576019288,"orthographic":false}