{"cameraMode":{"drawMode":0,"name":"Shaded","section":"Shading Mode"},"sceneLighting":false,"audioPlay":false,"sceneViewState":{"showFog":true,"showMaterialUpdate":true,"showSkybox":false,"showFlares":true,"showImageEffects":true,"showParticleSystems":true},"in2DMode":false,"pivot":{"x":-24.227554321289064,"y":3.8176450729370119,"z":-3.9864275455474855},"rotation":{"x":0.0030587497167289259,"y":0.9943861961364746,"z":-0.11012044548988342,"w":0.012331858277320862},"size":17.291399002075197,"orthographic":false}