{"cameraMode":{"drawMode":0,"name":"Shaded","section":"Shading Mode"},"sceneLighting":false,"audioPlay":false,"sceneViewState":{"showFog":true,"showMaterialUpdate":true,"showSkybox":false,"showFlares":true,"showImageEffects":true,"showParticleSystems":true},"in2DMode":false,"pivot":{"x":-32.8915901184082,"y":8.09870433807373,"z":-42.39052200317383},"rotation":{"x":0.001217450830154121,"y":0.999764621257782,"z":-0.034854333847761157,"w":-0.018476510420441629},"size":39.82087707519531,"orthographic":false}