{"cameraMode":{"drawMode":0,"name":"Shaded","section":"Shading Mode"},"sceneLighting":false,"audioPlay":false,"sceneViewState":{"showFog":true,"showMaterialUpdate":true,"showSkybox":false,"showFlares":true,"showImageEffects":true,"showParticleSystems":true},"in2DMode":false,"pivot":{"x":-14.142735481262207,"y":4.472358703613281,"z":-12.341513633728028},"rotation":{"x":0.001113428850658238,"y":0.9960429668426514,"z":-0.09472967684268952,"w":-0.004538464825600386},"size":25.461938858032228,"orthographic":false}