{"cameraMode":{"drawMode":0,"name":"Shaded","section":"Shading Mode"},"sceneLighting":false,"audioPlay":false,"sceneViewState":{"showFog":true,"showMaterialUpdate":true,"showSkybox":false,"showFlares":true,"showImageEffects":true,"showParticleSystems":true},"in2DMode":false,"pivot":{"x":-24.96500015258789,"y":11.350000381469727,"z":1.8862485885620118},"rotation":{"x":0.001217450830154121,"y":0.999764621257782,"z":-0.034854333847761157,"w":-0.018476510420441629},"size":22.60297966003418,"orthographic":false}