{"cameraMode":{"drawMode":0,"name":"Shaded","section":"Shading Mode"},"sceneLighting":false,"audioPlay":false,"sceneViewState":{"showFog":true,"showMaterialUpdate":true,"showSkybox":false,"showFlares":true,"showImageEffects":true,"showParticleSystems":true},"in2DMode":false,"pivot":{"x":-18.314205169677736,"y":4.092467308044434,"z":1.420412540435791},"rotation":{"x":-0.0003782973508350551,"y":0.9986554384231567,"z":-0.04484669864177704,"w":-0.04195091873407364},"size":19.686830520629884,"orthographic":false}