{"cameraMode":{"drawMode":0,"name":"Shaded","section":"Shading Mode"},"sceneLighting":false,"audioPlay":false,"sceneViewState":{"showFog":true,"showMaterialUpdate":false,"showSkybox":false,"showFlares":true,"showImageEffects":true,"showParticleSystems":true},"in2DMode":false,"pivot":{"x":9.759969711303711,"y":-4.914310932159424,"z":-14.789277076721192},"rotation":{"x":-0.037261977791786197,"y":-0.9549283385276794,"z":0.13895592093467713,"w":-0.26126429438591006},"size":29.095714569091798,"orthographic":false}