{"cameraMode":{"drawMode":0,"name":"Shaded","section":"Shading Mode"},"sceneLighting":false,"audioPlay":false,"sceneViewState":{"showFog":true,"showMaterialUpdate":true,"showSkybox":false,"showFlares":true,"showImageEffects":true,"showParticleSystems":true},"in2DMode":false,"pivot":{"x":-17.73246192932129,"y":-10.24824047088623,"z":-34.046051025390628},"rotation":{"x":-0.007544893771409988,"y":0.9843853116035461,"z":-0.17139513790607453,"w":-0.05138023570179939},"size":33.1580696105957,"orthographic":false}