{"cameraMode":{"drawMode":0,"name":"Shaded","section":"Shading Mode"},"sceneLighting":false,"audioPlay":false,"sceneViewState":{"showFog":true,"showMaterialUpdate":true,"showSkybox":false,"showFlares":true,"showImageEffects":true,"showParticleSystems":true},"in2DMode":false,"pivot":{"x":-0.3824024498462677,"y":0.9511626362800598,"z":0.3038088083267212},"rotation":{"x":0.0012124667409807444,"y":-0.9671499133110046,"z":0.2516552805900574,"w":0.06126062199473381},"size":0.9065297245979309,"orthographic":false}