{"cameraMode":{"drawMode":0,"name":"Shaded","section":"Shading Mode"},"sceneLighting":false,"audioPlay":false,"sceneViewState":{"showFog":true,"showMaterialUpdate":true,"showSkybox":false,"showFlares":true,"showImageEffects":true,"showParticleSystems":true},"in2DMode":false,"pivot":{"x":-0.9123198390007019,"y":-0.5372359752655029,"z":-1.8240100145339966},"rotation":{"x":-0.0028981140349060299,"y":0.9946207404136658,"z":-0.10164851695299149,"w":-0.03610309585928917},"size":6.130599021911621,"orthographic":false}