{"cameraMode":{"drawMode":0,"name":"Shaded","section":"Shading Mode"},"sceneLighting":false,"audioPlay":false,"sceneViewState":{"showFog":true,"showMaterialUpdate":true,"showSkybox":false,"showFlares":true,"showImageEffects":true,"showParticleSystems":true},"in2DMode":false,"pivot":{"x":-4.341014862060547,"y":-2.3373196125030519,"z":-3.717715263366699},"rotation":{"x":0.008334346115589142,"y":0.9891323447227478,"z":-0.15158265829086305,"w":-0.02293849177658558},"size":5.245267868041992,"orthographic":false}