{"cameraMode":{"drawMode":0,"name":"Shaded","section":"Shading Mode"},"sceneLighting":false,"audioPlay":false,"sceneViewState":{"showFog":true,"showMaterialUpdate":true,"showSkybox":false,"showFlares":true,"showImageEffects":true,"showParticleSystems":true},"in2DMode":false,"pivot":{"x":-39.68967819213867,"y":3.7432005405426027,"z":-8.832143783569336},"rotation":{"x":-0.005154845770448446,"y":0.9910587072372437,"z":-0.05208563432097435,"w":-0.12704338133335114},"size":29.795143127441408,"orthographic":false}