{"cameraMode":{"drawMode":0,"name":"Shaded","section":"Shading Mode"},"sceneLighting":false,"audioPlay":false,"sceneViewState":{"showFog":true,"showMaterialUpdate":true,"showSkybox":false,"showFlares":true,"showImageEffects":true,"showParticleSystems":true},"in2DMode":false,"pivot":{"x":-16.630577087402345,"y":11.350000381469727,"z":1.9739446640014649},"rotation":{"x":-0.00014815517351962626,"y":0.9990547895431519,"z":-0.046836405992507938,"w":-0.027952320873737336},"size":23.316259384155275,"orthographic":false}