{"cameraMode":{"drawMode":0,"name":"Shaded","section":"Shading Mode"},"sceneLighting":false,"audioPlay":false,"sceneViewState":{"showFog":true,"showMaterialUpdate":true,"showSkybox":false,"showFlares":true,"showImageEffects":true,"showParticleSystems":true},"in2DMode":false,"pivot":{"x":-24.96500015258789,"y":11.350000381469727,"z":1.88624906539917},"rotation":{"x":-0.0003782973508350551,"y":0.9986554384231567,"z":-0.04484669864177704,"w":-0.04195091873407364},"size":29.795143127441408,"orthographic":false}