{"cameraMode":{"drawMode":0,"name":"Shaded","section":"Shading Mode"},"sceneLighting":false,"audioPlay":false,"sceneViewState":{"showFog":true,"showMaterialUpdate":true,"showSkybox":false,"showFlares":true,"showImageEffects":true,"showParticleSystems":true},"in2DMode":false,"pivot":{"x":-7.018369674682617,"y":8.550910949707032,"z":-4.626959800720215},"rotation":{"x":-0.0031105622183531524,"y":-0.9986923933029175,"z":0.05676005035638809,"w":-0.022057149559259416},"size":17.414220809936525,"orthographic":false}