{"cameraMode":{"drawMode":0,"name":"Shaded","section":"Shading Mode"},"sceneLighting":false,"audioPlay":false,"sceneViewState":{"showFog":true,"showMaterialUpdate":true,"showSkybox":false,"showFlares":true,"showImageEffects":true,"showParticleSystems":true},"in2DMode":false,"pivot":{"x":-17.376976013183595,"y":9.744508743286133,"z":-10.86227798461914},"rotation":{"x":0.0021838906686753036,"y":0.9990425109863281,"z":-0.053797367960214618,"w":0.010492282919585705},"size":24.36549186706543,"orthographic":false}