{"cameraMode":{"drawMode":0,"name":"Shaded","section":"Shading Mode"},"sceneLighting":false,"audioPlay":false,"sceneViewState":{"showFog":true,"showMaterialUpdate":true,"showSkybox":false,"showFlares":true,"showImageEffects":true,"showParticleSystems":true},"in2DMode":false,"pivot":{"x":-36.445533752441409,"y":4.542006492614746,"z":-0.09250731766223908},"rotation":{"x":0.004194154404103756,"y":0.9972110986709595,"z":-0.07318459451198578,"w":0.03588254749774933},"size":29.795143127441408,"orthographic":false}