{"cameraMode":{"drawMode":0,"name":"Shaded","section":"Shading Mode"},"sceneLighting":false,"audioPlay":false,"sceneViewState":{"showFog":true,"showMaterialUpdate":true,"showSkybox":false,"showFlares":true,"showImageEffects":true,"showParticleSystems":true},"in2DMode":false,"pivot":{"x":-18.33197593688965,"y":9.838658332824707,"z":-2.306422472000122},"rotation":{"x":-0.016463367268443109,"y":0.982778012752533,"z":-0.11895263195037842,"w":-0.14383774995803834},"size":17.291399002075197,"orthographic":false}