{"cameraMode":{"drawMode":0,"name":"Shaded","section":"Shading Mode"},"sceneLighting":false,"audioPlay":false,"sceneViewState":{"showFog":true,"showMaterialUpdate":true,"showSkybox":false,"showFlares":true,"showImageEffects":true,"showParticleSystems":true},"in2DMode":false,"pivot":{"x":-14.108970642089844,"y":-11.792776107788086,"z":-18.77198028564453},"rotation":{"x":-0.006918163504451513,"y":0.9899061322212219,"z":-0.13078205287456513,"w":-0.056766852736473086},"size":33.19096755981445,"orthographic":false}