{"cameraMode":{"drawMode":0,"name":"Shaded","section":"Shading Mode"},"sceneLighting":false,"audioPlay":false,"sceneViewState":{"showFog":true,"showMaterialUpdate":true,"showSkybox":false,"showFlares":true,"showImageEffects":true,"showParticleSystems":true},"in2DMode":false,"pivot":{"x":-15.954469680786133,"y":2.6088902950286867,"z":-1.6716214418411255},"rotation":{"x":0.011113260872662068,"y":1.0003403425216675,"z":-0.026078946888446809,"w":-0.02171386405825615},"size":10.0241117477417,"orthographic":false}