{"cameraMode":{"drawMode":0,"name":"Shaded","section":"Shading Mode"},"sceneLighting":false,"audioPlay":false,"sceneViewState":{"showFog":true,"showMaterialUpdate":true,"showSkybox":false,"showFlares":true,"showImageEffects":true,"showParticleSystems":true},"in2DMode":false,"pivot":{"x":-22.0446720123291,"y":8.207159042358399,"z":1.9905823469161988},"rotation":{"x":0.0014733069110661746,"y":1.0004010200500489,"z":-0.016314944252371789,"w":0.005085289943963289},"size":12.582032203674317,"orthographic":false}