{"cameraMode":{"drawMode":0,"name":"Shaded","section":"Shading Mode"},"sceneLighting":false,"audioPlay":false,"sceneViewState":{"showFog":true,"showMaterialUpdate":true,"showSkybox":false,"showFlares":true,"showImageEffects":true,"showParticleSystems":true},"in2DMode":false,"pivot":{"x":-14.008949279785157,"y":11.422130584716797,"z":-8.859861373901368},"rotation":{"x":-0.00034692062763497233,"y":0.9932651519775391,"z":-0.11960016191005707,"w":-0.014477243646979332},"size":10.910810470581055,"orthographic":false}