{"cameraMode":{"drawMode":0,"name":"Shaded","section":"Shading Mode"},"sceneLighting":false,"audioPlay":false,"sceneViewState":{"showFog":true,"showMaterialUpdate":true,"showSkybox":false,"showFlares":true,"showImageEffects":true,"showParticleSystems":true},"in2DMode":false,"pivot":{"x":-14.096892356872559,"y":10.016498565673829,"z":-12.052659034729004},"rotation":{"x":-0.0011665849015116692,"y":0.997530460357666,"z":-0.0643145889043808,"w":-0.04343729466199875},"size":22.267026901245118,"orthographic":false}