{"cameraMode":{"drawMode":0,"name":"Shaded","section":"Shading Mode"},"sceneLighting":false,"audioPlay":false,"sceneViewState":{"showFog":true,"showMaterialUpdate":true,"showSkybox":false,"showFlares":true,"showImageEffects":true,"showParticleSystems":true},"in2DMode":false,"pivot":{"x":-37.203834533691409,"y":-11.63793659210205,"z":-53.48311996459961},"rotation":{"x":0.0007068801205605269,"y":0.9898907542228699,"z":-0.14538687467575074,"w":-0.008106839843094349},"size":42.29312515258789,"orthographic":false}