{"cameraMode":{"drawMode":0,"name":"Shaded","section":"Shading Mode"},"sceneLighting":false,"audioPlay":false,"sceneViewState":{"showFog":true,"showMaterialUpdate":true,"showSkybox":false,"showFlares":true,"showImageEffects":true,"showParticleSystems":true},"in2DMode":false,"pivot":{"x":531.6708374023438,"y":213.8520050048828,"z":43.606388092041019},"rotation":{"x":-0.12022160738706589,"y":0.7713106274604797,"z":-0.17731362581253053,"w":-0.6012831926345825},"size":4.270092964172363,"orthographic":false}