{"cameraMode":{"drawMode":0,"name":"Shaded","section":"Shading Mode"},"sceneLighting":false,"audioPlay":false,"sceneViewState":{"showFog":true,"showMaterialUpdate":true,"showSkybox":false,"showFlares":true,"showImageEffects":true,"showParticleSystems":true},"in2DMode":false,"pivot":{"x":-16.630577087402345,"y":11.350000381469727,"z":1.9739446640014649},"rotation":{"x":0.0006584756192751229,"y":0.9956293106079102,"z":-0.0987161323428154,"w":-0.008512979373335839},"size":23.316259384155275,"orthographic":false}