{"cameraMode":{"drawMode":0,"name":"Shaded","section":"Shading Mode"},"sceneLighting":false,"audioPlay":false,"sceneViewState":{"showFog":true,"showMaterialUpdate":true,"showSkybox":false,"showFlares":true,"showImageEffects":true,"showParticleSystems":true},"in2DMode":false,"pivot":{"x":0.04477584362030029,"y":0.1188899427652359,"z":0.5625474452972412},"rotation":{"x":0.05514947697520256,"y":0.7559548020362854,"z":-0.03588941693305969,"w":0.6532856225967407},"size":4.205811500549316,"orthographic":false}