{"cameraMode":{"drawMode":0,"name":"Shaded","section":"Shading Mode"},"sceneLighting":false,"audioPlay":false,"sceneViewState":{"showFog":true,"showMaterialUpdate":true,"showSkybox":false,"showFlares":true,"showImageEffects":true,"showParticleSystems":true},"in2DMode":false,"pivot":{"x":-16.630577087402345,"y":11.350000381469727,"z":1.9739446640014649},"rotation":{"x":0.0013996624620631338,"y":1.0000165700912476,"z":-0.00286231585778296,"w":-0.03241855651140213},"size":23.316259384155275,"orthographic":false}