{"cameraMode":{"drawMode":0,"name":"Shaded","section":"Shading Mode"},"sceneLighting":false,"audioPlay":false,"sceneViewState":{"showFog":true,"showMaterialUpdate":true,"showSkybox":false,"showFlares":true,"showImageEffects":true,"showParticleSystems":true},"in2DMode":false,"pivot":{"x":-1.3982272148132325,"y":1.4395809173583985,"z":0.07303182780742645},"rotation":{"x":-0.12516258656978608,"y":-0.7899430990219116,"z":0.13968724012374879,"w":-0.5858902931213379},"size":1.008294939994812,"orthographic":false}