{"cameraMode":{"drawMode":0,"name":"Shaded","section":"Shading Mode"},"sceneLighting":false,"audioPlay":false,"sceneViewState":{"showFog":true,"showMaterialUpdate":true,"showSkybox":false,"showFlares":true,"showImageEffects":true,"showParticleSystems":true},"in2DMode":false,"pivot":{"x":-11.554781913757325,"y":14.95224666595459,"z":-16.499128341674806},"rotation":{"x":0.0006260212394408882,"y":0.999554455280304,"z":-0.023864859715104104,"w":-0.03745056316256523},"size":20.042509078979493,"orthographic":false}