{"cameraMode":{"drawMode":0,"name":"Shaded","section":"Shading Mode"},"sceneLighting":false,"audioPlay":false,"sceneViewState":{"showFog":true,"showMaterialUpdate":true,"showSkybox":false,"showFlares":true,"showImageEffects":true,"showParticleSystems":true},"in2DMode":false,"pivot":{"x":-16.630577087402345,"y":11.350000381469727,"z":1.973945140838623},"rotation":{"x":-0.004216649103909731,"y":0.9905800819396973,"z":-0.13441962003707887,"w":-0.04173750802874565},"size":23.316259384155275,"orthographic":false}