{"cameraMode":{"drawMode":0,"name":"Shaded","section":"Shading Mode"},"sceneLighting":false,"audioPlay":false,"sceneViewState":{"showFog":true,"showMaterialUpdate":true,"showSkybox":false,"showFlares":true,"showImageEffects":true,"showParticleSystems":true},"in2DMode":false,"pivot":{"x":5.952707290649414,"y":0.08902709931135178,"z":-2.6621079444885256},"rotation":{"x":0.00855699460953474,"y":-0.9738258719444275,"z":0.21439725160598756,"w":0.08654176443815232},"size":10.454256057739258,"orthographic":false}