{"cameraMode":{"drawMode":0,"name":"Shaded","section":"Shading Mode"},"sceneLighting":false,"audioPlay":false,"sceneViewState":{"showFog":true,"showMaterialUpdate":true,"showSkybox":false,"showFlares":true,"showImageEffects":true,"showParticleSystems":true},"in2DMode":false,"pivot":{"x":-27.559999465942384,"y":9.612510681152344,"z":-14.141762733459473},"rotation":{"x":-0.019341804087162019,"y":0.9750037789344788,"z":-0.09421117603778839,"w":-0.20039060711860658},"size":18.019447326660158,"orthographic":false}