{"cameraMode":{"drawMode":0,"name":"Shaded","section":"Shading Mode"},"sceneLighting":false,"audioPlay":false,"sceneViewState":{"showFog":true,"showMaterialUpdate":true,"showSkybox":false,"showFlares":true,"showImageEffects":true,"showParticleSystems":true},"in2DMode":false,"pivot":{"x":-22.986494064331056,"y":7.319985389709473,"z":-2.9327399730682375},"rotation":{"x":-0.028501180931925775,"y":0.9604254961013794,"z":-0.11308407783508301,"w":-0.2550695538520813},"size":19.686830520629884,"orthographic":false}