{"cameraMode":{"drawMode":0,"name":"Shaded","section":"Shading Mode"},"sceneLighting":false,"audioPlay":false,"sceneViewState":{"showFog":true,"showMaterialUpdate":true,"showSkybox":false,"showFlares":true,"showImageEffects":true,"showParticleSystems":true},"in2DMode":false,"pivot":{"x":-50.14002227783203,"y":8.101860046386719,"z":-39.60179901123047},"rotation":{"x":-0.01133672334253788,"y":0.9810833930969238,"z":-0.06685103476047516,"w":-0.1838950663805008},"size":25.349803924560548,"orthographic":false}