{"cameraMode":{"drawMode":0,"name":"Shaded","section":"Shading Mode"},"sceneLighting":false,"audioPlay":false,"sceneViewState":{"showFog":true,"showMaterialUpdate":true,"showSkybox":false,"showFlares":true,"showImageEffects":true,"showParticleSystems":true},"in2DMode":false,"pivot":{"x":-15.973798751831055,"y":9.28776741027832,"z":0.10010147094726563},"rotation":{"x":0.00828140415251255,"y":0.9974817633628845,"z":0.061752792447805408,"w":0.05572675168514252},"size":5.966026306152344,"orthographic":false}