{"cameraMode":{"drawMode":0,"name":"Shaded","section":"Shading Mode"},"sceneLighting":false,"audioPlay":false,"sceneViewState":{"showFog":true,"showMaterialUpdate":true,"showSkybox":false,"showFlares":true,"showImageEffects":true,"showParticleSystems":true},"in2DMode":false,"pivot":{"x":-4.6396403312683109,"y":3.917377471923828,"z":-15.211029052734375},"rotation":{"x":0.012297539971768856,"y":1.0001354217529297,"z":0.03550751879811287,"w":-0.016490500420331956},"size":11.439176559448243,"orthographic":false}