{"cameraMode":{"drawMode":0,"name":"Shaded","section":"Shading Mode"},"sceneLighting":false,"audioPlay":false,"sceneViewState":{"showFog":true,"showMaterialUpdate":true,"showSkybox":false,"showFlares":true,"showImageEffects":true,"showParticleSystems":true},"in2DMode":false,"pivot":{"x":-24.96500015258789,"y":11.350000381469727,"z":1.88624906539917},"rotation":{"x":-0.0014889745507389308,"y":0.9975221157073975,"z":-0.049319881945848468,"w":-0.05991123989224434},"size":29.795143127441408,"orthographic":false}