{"cameraMode":{"drawMode":0,"name":"Shaded","section":"Shading Mode"},"sceneLighting":false,"audioPlay":false,"sceneViewState":{"showFog":true,"showMaterialUpdate":true,"showSkybox":false,"showFlares":true,"showImageEffects":true,"showParticleSystems":true},"in2DMode":false,"pivot":{"x":-33.83181381225586,"y":-44.75874328613281,"z":-322.1477966308594},"rotation":{"x":-0.0009543427731841803,"y":0.9958286285400391,"z":-0.09220004826784134,"w":-0.012833531014621258},"size":171.00091552734376,"orthographic":false}