{"cameraMode":{"drawMode":0,"name":"Shaded","section":"Shading Mode"},"sceneLighting":false,"audioPlay":false,"sceneViewState":{"showFog":true,"showMaterialUpdate":true,"showSkybox":false,"showFlares":true,"showImageEffects":true,"showParticleSystems":true},"in2DMode":false,"pivot":{"x":-16.3690242767334,"y":8.68040657043457,"z":-18.563879013061525},"rotation":{"x":0.0021419150289148094,"y":0.9998699426651001,"z":-0.029786476865410806,"w":0.02155478298664093},"size":23.316259384155275,"orthographic":false}