{"cameraMode":{"drawMode":0,"name":"Shaded","section":"Shading Mode"},"sceneLighting":false,"audioPlay":false,"sceneViewState":{"showFog":true,"showMaterialUpdate":true,"showSkybox":false,"showFlares":true,"showImageEffects":true,"showParticleSystems":true},"in2DMode":false,"pivot":{"x":5.191814422607422,"y":-0.6131787300109863,"z":1.8292675018310547},"rotation":{"x":0.023049412295222284,"y":-0.8102064728736877,"z":0.05161067098379135,"w":0.5851705074310303},"size":1.3750102519989014,"orthographic":false}