{"cameraMode":{"drawMode":0,"name":"Shaded","section":"Shading Mode"},"sceneLighting":false,"audioPlay":false,"sceneViewState":{"showFog":true,"showMaterialUpdate":true,"showSkybox":false,"showFlares":true,"showImageEffects":true,"showParticleSystems":true},"in2DMode":false,"pivot":{"x":0.22963964939117433,"y":1.3877513408660889,"z":-0.0001575946807861328},"rotation":{"x":-0.11886601150035858,"y":-0.5678738951683044,"z":0.06298519670963288,"w":-0.8134542107582092},"size":2.463580369949341,"orthographic":false}