{"cameraMode":{"drawMode":0,"name":"Shaded","section":"Shading Mode"},"sceneLighting":false,"audioPlay":false,"sceneViewState":{"m_AlwaysRefresh":true,"showFog":true,"showSkybox":false,"showFlares":true,"showImageEffects":true,"showParticleSystems":true,"showVisualEffectGraphs":true,"m_FxEnabled":true},"in2DMode":false,"pivot":{"x":-1.9781858921051026,"y":8.320578575134278,"z":18.31777572631836},"rotation":{"x":-0.13946954905986787,"y":-0.05437874421477318,"z":0.007484510075300932,"w":-0.9888511896133423},"size":33.102909088134769,"orthographic":false}