{"cameraMode":{"drawMode":0,"name":"Shaded","section":"Shading Mode"},"sceneLighting":false,"audioPlay":false,"sceneViewState":{"m_AlwaysRefresh":true,"showFog":true,"showSkybox":false,"showFlares":true,"showImageEffects":true,"showParticleSystems":true,"showVisualEffectGraphs":true,"m_FxEnabled":true},"in2DMode":false,"pivot":{"x":-8.196183204650879,"y":-11.356513023376465,"z":5.322476863861084},"rotation":{"x":0.20702682435512544,"y":0.0021739897783845665,"z":-0.00025046823429875076,"w":0.9785299301147461},"size":20.98610496520996,"orthographic":false}