{"cameraMode":{"drawMode":0,"name":"Shaded","section":"Shading Mode"},"sceneLighting":false,"audioPlay":false,"sceneViewState":{"m_AlwaysRefresh":true,"showFog":true,"showSkybox":false,"showFlares":true,"showImageEffects":true,"showParticleSystems":true,"showVisualEffectGraphs":true,"m_FxEnabled":true},"in2DMode":false,"pivot":{"x":-0.5248509049415588,"y":1.9624533653259278,"z":-0.8526310920715332},"rotation":{"x":-0.12122280895709992,"y":0.008995648473501206,"z":-0.0017521630506962538,"w":-0.9929200410842896},"size":1.4142136573791505,"orthographic":false}