{"cameraMode":{"drawMode":0,"name":"Shaded","section":"Shading Mode"},"sceneLighting":false,"audioPlay":false,"sceneViewState":{"m_AlwaysRefresh":true,"showFog":true,"showSkybox":false,"showFlares":true,"showImageEffects":true,"showParticleSystems":true,"showVisualEffectGraphs":true,"m_FxEnabled":true},"in2DMode":false,"pivot":{"x":-49.33732986450195,"y":-21.607763290405275,"z":1.4449944496154786},"rotation":{"x":0.16659769415855409,"y":-0.7925797700881958,"z":0.24864250421524049,"w":0.5316298007965088},"size":23.136646270751954,"orthographic":false}