{"cameraMode":{"drawMode":0,"name":"Shaded","section":"Shading Mode"},"sceneLighting":false,"audioPlay":false,"sceneViewState":{"m_AlwaysRefresh":true,"showFog":true,"showSkybox":false,"showFlares":true,"showImageEffects":true,"showParticleSystems":true,"showVisualEffectGraphs":true,"m_FxEnabled":true},"in2DMode":false,"pivot":{"x":14.12556266784668,"y":-7.1474385261535648,"z":27.290132522583009},"rotation":{"x":-0.12987853586673737,"y":-0.25349360704421999,"z":0.03427055478096008,"w":-0.9581422805786133},"size":17.85531234741211,"orthographic":false}