{"cameraMode":{"drawMode":0,"name":"Shaded","section":"Shading Mode"},"sceneLighting":false,"audioPlay":false,"sceneViewState":{"m_AlwaysRefresh":true,"showFog":true,"showSkybox":false,"showFlares":true,"showImageEffects":true,"showParticleSystems":true,"showVisualEffectGraphs":true,"m_FxEnabled":true},"in2DMode":false,"pivot":{"x":5.1932692527771,"y":4.953837871551514,"z":5.885303020477295},"rotation":{"x":0.08841827511787415,"y":0.01426023617386818,"z":-0.000015543557310593314,"w":0.9963549375534058},"size":3.263051748275757,"orthographic":false}