{"cameraMode":{"drawMode":0,"name":"Shaded","section":"Shading Mode"},"sceneLighting":false,"audioPlay":false,"sceneViewState":{"m_AlwaysRefresh":true,"showFog":true,"showSkybox":false,"showFlares":true,"showImageEffects":true,"showParticleSystems":true,"showVisualEffectGraphs":true,"m_FxEnabled":true},"in2DMode":false,"pivot":{"x":-21.328401565551759,"y":3.831514835357666,"z":-0.5830039978027344},"rotation":{"x":-0.015973223373293878,"y":-1.0005662441253663,"z":0.03467365726828575,"w":0.008812598884105683},"size":12.696381568908692,"orthographic":false}