{"cameraMode":{"drawMode":0,"name":"Shaded","section":"Shading Mode"},"sceneLighting":false,"audioPlay":false,"sceneViewState":{"m_AlwaysRefresh":true,"showFog":true,"showSkybox":false,"showFlares":true,"showImageEffects":true,"showParticleSystems":true,"showVisualEffectGraphs":true,"m_FxEnabled":true},"in2DMode":false,"pivot":{"x":22.64719009399414,"y":-52.418548583984378,"z":-235.04649353027345},"rotation":{"x":0.0036833283957093956,"y":0.9936554431915283,"z":-0.10983042418956757,"w":0.030900809913873674},"size":142.4525146484375,"orthographic":false}