{"cameraMode":{"drawMode":0,"name":"Shaded","section":"Shading Mode"},"sceneLighting":false,"audioPlay":false,"sceneViewState":{"m_AlwaysRefresh":true,"showFog":true,"showSkybox":false,"showFlares":true,"showImageEffects":true,"showParticleSystems":true,"showVisualEffectGraphs":true,"m_FxEnabled":true},"in2DMode":false,"pivot":{"x":15.691476821899414,"y":1.5086548328399659,"z":48.89104461669922},"rotation":{"x":-0.051229964941740039,"y":-0.22028818726539613,"z":0.011380513198673725,"w":-0.9742099642753601},"size":9.212706565856934,"orthographic":false}