{"cameraMode":{"drawMode":0,"name":"Shaded","section":"Shading Mode"},"sceneLighting":true,"audioPlay":false,"sceneViewState":{"m_AlwaysRefresh":true,"showFog":true,"showSkybox":true,"showFlares":true,"showImageEffects":true,"showParticleSystems":true,"showVisualEffectGraphs":true,"m_FxEnabled":true},"in2DMode":false,"pivot":{"x":-4.100562572479248,"y":10.211709976196289,"z":-28.147445678710939},"rotation":{"x":0.018505563959479333,"y":-0.26890844106674197,"z":0.006224473472684622,"w":0.9633477926254273},"size":4.869745254516602,"orthographic":false}