{"cameraMode":{"drawMode":0,"name":"Shaded","section":"Shading Mode"},"sceneLighting":false,"audioPlay":false,"sceneViewState":{"m_AlwaysRefresh":true,"showFog":true,"showSkybox":false,"showFlares":true,"showImageEffects":true,"showParticleSystems":true,"showVisualEffectGraphs":true,"m_FxEnabled":true},"in2DMode":false,"pivot":{"x":-2.328252077102661,"y":0.5251695513725281,"z":3.580442428588867},"rotation":{"x":-0.13756181299686433,"y":0.017863063141703607,"z":-0.0033564986661076547,"w":-0.9906666874885559},"size":7.517711162567139,"orthographic":false}