{"cameraMode":{"drawMode":0,"name":"Shaded","section":"Shading Mode"},"sceneLighting":true,"audioPlay":false,"sceneViewState":{"showFog":true,"showMaterialUpdate":true,"showSkybox":true,"showFlares":true,"showImageEffects":true,"showParticleSystems":true},"in2DMode":false,"pivot":{"x":0.11333712190389633,"y":1.5184205770492554,"z":-4.269940376281738},"rotation":{"x":0.07880204916000366,"y":-0.02630530670285225,"z":0.002116648480296135,"w":0.9965804219245911},"size":5.058732509613037,"orthographic":false}