{"cameraMode":{"drawMode":0,"name":"Shaded","section":"Shading Mode"},"sceneLighting":true,"audioPlay":false,"sceneViewState":{"m_AlwaysRefresh":true,"showFog":true,"showSkybox":true,"showFlares":true,"showImageEffects":true,"showParticleSystems":true,"showVisualEffectGraphs":true,"m_FxEnabled":true},"in2DMode":false,"pivot":{"x":-10.491847038269043,"y":-0.3615349233150482,"z":-27.074932098388673},"rotation":{"x":0.02846180833876133,"y":0.9812447428703308,"z":-0.15319181978702546,"w":0.1249539703130722},"size":25.423349380493165,"orthographic":false}