{"cameraMode":{"drawMode":0,"name":"Shaded","section":"Shading Mode"},"sceneLighting":false,"audioPlay":false,"sceneViewState":{"m_AlwaysRefresh":true,"showFog":true,"showSkybox":false,"showFlares":true,"showImageEffects":true,"showParticleSystems":true,"showVisualEffectGraphs":true,"m_FxEnabled":true},"in2DMode":false,"pivot":{"x":-528.7733764648438,"y":-195.55609130859376,"z":5.960464477539063e-8},"rotation":{"x":0.011402181349694729,"y":0.9930214881896973,"z":-0.12711867690086366,"w":0.018782684579491617},"size":0.9264640808105469,"orthographic":false}